Name,Age
Raymond Kim,59
Sabrina Green,85
Brian Jackson,79
Alyssa Lyons,57
Amy Griffin,100
Ernest Young,79
Adrian Stewart,63
Victor Adkins,59
Paula Arnold,59
Darren Brown PhD,57
Meghan Becker,52
Kayla Davidson,67
Sean Hamilton,59
Shari Lopez,61
Kristin Cohen,54
Kathleen Chaney,91
Ashley Fuentes,99
Robert Mitchell,55
Michelle Kennedy,75
Lauren Smith,93
Yvonne Cole,87
Anthony Richardson,53
Christine Johnston,70
Lisa Scott,88
Karen Garner,83
Ebony Burgess,75
Louis Wilcox,100
Sara Rojas,98
Sylvia Lambert,76
James Lee,63
Christopher Mcintosh,79
Benjamin Hale,68
Zachary Monroe,98
John Murphy,90
Vickie Boyd,54
Michael Conrad,93
Rebecca Rodriguez,55
James Adams,79
Michael Douglas,71
Shawn Boyd,70
Peter Green,91
Kristy Petersen,73
Ms. Rachael Baker MD,60
Dillon Simmons,86
Martin Jackson,63
Angela Poole,95
Eddie Gutierrez,60
James Gilbert,82
Ronald Deleon,53
James Meyer,94
Henry Parker,90
Nicole Adams,56
Natalie Murphy,90
Brian Werner,52
Paula Tran,55
Roger Simpson,56
Dylan Williams,82
Melissa Johnson,62
John Hernandez,50
Nicole Martin,63
Charles Bell,100
Christopher Molina,87
Jaime Short,57
Heather Myers,71
Jason Kennedy,57
Vickie Lynch,83
Jeffrey Parker,76
Wendy Franklin,66
Jason Rice,58
Patrick James,73
Kayla Thomas,64
Laurie Harris,67
Donald Jensen,85
Shelby Brewer,93
Melissa Lester,84
Jose Reese,55
Alexandra Davis,75
Jessica Hughes,59
Leslie Lopez,59
Andrew Bernard,58
Jaime West,78
Tara Jackson,70
Anthony Jones,61
Christopher Estrada,57
Alfred Taylor II,95
Katherine Crane,81
Thomas Pollard,90
Robyn Case,58
Jennifer Pierce,100
Alicia Gray,58
Marcus Anderson,57
